CountryID,CountryName,Capital,CurrencyCode,CurrencyName,TelephoneCode, 2LetterCode,3LetterCode
1,Afghanistan,Kabul,AFN,Afghani,93,AF,AFG
2,Albania,Tirana,ALL,Lek,355,AL,ALB
3,Algeria,Algiers,DZD,Dinar,213,DZ,DZA
4,Andorra,Andorra la Vella,EUR,Euro,376,AD,AND
5,Angola,Luanda,AOA,Kwanza,244,AO,AGO
6,Antigua and Barbuda,Saint John's,XCD,Dollar,-267,AG,ATG
7,Argentina,Buenos Aires,ARS,Peso,54,AR,ARG
8,Armenia,Yerevan,AMD,Dram,374,AM,ARM
9,Australia,Canberra,AUD,Dollar,61,AU,AUS
10,Austria,Vienna,EUR,Euro,43,AT,AUT
11,Azerbaijan,Baku,AZN,Manat,994,AZ,AZE
12,"Bahamas, The",Nassau,BSD,Dollar,-241,BS,BHS
13,Bahrain,Manama,BHD,Dinar,973,BH,BHR
14,Bangladesh,Dhaka,BDT,Taka,880,BD,BGD
15,Barbados,Bridgetown,BBD,Dollar,-245,BB,BRB
16,Belarus,Minsk,BYR,Ruble,375,BY,BLR
17,Belgium,Brussels,EUR,Euro,32,BE,BEL
18,Belize,Belmopan,BZD,Dollar,501,BZ,BLZ
19,Benin,Porto-Novo,XOF,Franc,229,BJ,BEN
20,Bhutan,Thimphu,BTN,Ngultrum,975,BT,BTN
21,Bolivia,La Paz (administrative/legislative) and Sucre (judical),BOB,Boliviano,591,BO,BOL
22,Bosnia and Herzegovina,Sarajevo,BAM,Marka,387,BA,BIH
23,Botswana,Gaborone,BWP,Pula,267,BW,BWA
24,Brazil,Brasilia,BRL,Real,55,BR,BRA
25,Brunei,Bandar Seri Begawan,BND,Dollar,673,BN,BRN
26,Bulgaria,Sofia,BGN,Lev,359,BG,BGR
27,Burkina Faso,Ouagadougou,XOF,Franc,226,BF,BFA
28,Burundi,Bujumbura,BIF,Franc,257,BI,BDI
29,Cambodia,Phnom Penh,KHR,Riels,855,KH,KHM
30,Cameroon,Yaounde,XAF,Franc,237,CM,CMR
31,Canada,Ottawa,CAD,Dollar,1,CA,CAN
32,Cape Verde,Praia,CVE,Escudo,238,CV,CPV
33,Central African Republic,Bangui,XAF,Franc,236,CF,CAF
34,Chad,N'Djamena,XAF,Franc,235,TD,TCD
35,Chile,Santiago (administrative/judical) and Valparaiso (legislative),CLP,Peso,56,CL,CHL
36,"China, People's Republic of",Beijing,CNY,Yuan Renminbi,86,CN,CHN
37,Colombia,Bogota,COP,Peso,57,CO,COL
38,Comoros,Moroni,KMF,Franc,269,KM,COM
39,"Congo, (Congo – Kinshasa)",Kinshasa,CDF,Franc,243,CD,COD
40,"Congo, (Congo – Brazzaville)",Brazzaville,XAF,Franc,242,CG,COG
41,Costa Rica,San Jose,CRC,Colon,506,CR,CRI
42,Cote d'Ivoire (Ivory Coast),Yamoussoukro,XOF,Franc,225,CI,CIV
43,Croatia,Zagreb,HRK,Kuna,385,HR,HRV
44,Cuba,Havana,CUP,Peso,53,CU,CUB
45,Cyprus,Nicosia,CYP,Pound,357,CY,CYP
46,Czech Republic,Prague,CZK,Koruna,420,CZ,CZE
47,Denmark,Copenhagen,DKK,Krone,45,DK,DNK
48,Djibouti,Djibouti,DJF,Franc,253,DJ,DJI
49,Dominica,Roseau,XCD,Dollar,-766,DM,DMA
50,Dominican Republic,Santo Domingo,DOP,Peso,+1-809 and 1-829,DO,DOM
51,Ecuador,Quito,USD,Dollar,593,EC,ECU
52,Egypt,Cairo,EGP,Pound,20,EG,EGY
53,El Salvador,San Salvador,USD,Dollar,503,SV,SLV
54,Equatorial Guinea,Malabo,XAF,Franc,240,GQ,GNQ
55,Eritrea,Asmara,ERN,Nakfa,291,ER,ERI
56,Estonia,Tallinn,EEK,Kroon,372,EE,EST
57,Ethiopia,Addis Ababa,ETB,Birr,251,ET,ETH
58,Fiji,Suva,FJD,Dollar,679,FJ,FJI
59,Finland,Helsinki,EUR,Euro,358,FI,FIN
60,France,Paris,EUR,Euro,33,FR,FRA
61,Gabon,Libreville,XAF,Franc,241,GA,GAB
62,"Gambia, The",Banjul,GMD,Dalasi,220,GM,GMB
63,Georgia,Tbilisi,GEL,Lari,995,GE,GEO
64,Germany,Berlin,EUR,Euro,49,DE,DEU
65,Ghana,Accra,GHC,Cedi,233,GH,GHA
66,Greece,Athens,EUR,Euro,30,GR,GRC
67,Grenada,Saint George's,XCD,Dollar,-472,GD,GRD
68,Guatemala,Guatemala,GTQ,Quetzal,502,GT,GTM
69,Guinea,Conakry,GNF,Franc,224,GN,GIN
70,Guinea-Bissau,Bissau,XOF,Franc,245,GW,GNB
71,Guyana,Georgetown,GYD,Dollar,592,GY,GUY
72,Haiti,Port-au-Prince,HTG,Gourde,509,HT,HTI
73,Honduras,Tegucigalpa,HNL,Lempira,504,HN,HND
74,Hungary,Budapest,HUF,Forint,36,HU,HUN
75,Iceland,Reykjavik,ISK,Krona,354,IS,ISL
76,India,New Delhi,INR,Rupee,91,IN,IND
77,Indonesia,Jakarta,IDR,Rupiah,62,ID,IDN
78,Iran,Tehran,IRR,Rial,98,IR,IRN
79,Iraq,Baghdad,IQD,Dinar,964,IQ,IRQ
80,Ireland,Dublin,EUR,Euro,353,IE,IRL
81,Israel,Jerusalem,ILS,Shekel,972,IL,ISR
82,Italy,Rome,EUR,Euro,39,IT,ITA
83,Jamaica,Kingston,JMD,Dollar,-875,JM,JAM
84,Japan,Tokyo,JPY,Yen,81,JP,JPN
85,Jordan,Amman,JOD,Dinar,962,JO,JOR
86,Kazakhstan,Astana,KZT,Tenge,7,KZ,KAZ
87,Kenya,Nairobi,KES,Shilling,254,KE,KEN
88,Kiribati,Tarawa,AUD,Dollar,686,KI,KIR
89,"Korea, North",Pyongyang,KPW,Won,850,KP,PRK
90,"Korea, South",Seoul,KRW,Won,82,KR,KOR
91,Kuwait,Kuwait,KWD,Dinar,965,KW,KWT
92,Kyrgyzstan,Bishkek,KGS,Som,996,KG,KGZ
93,Laos,Vientiane,LAK,Kip,856,LA,LAO
94,Latvia,Riga,LVL,Lat,371,LV,LVA
95,Lebanon,Beirut,LBP,Pound,961,LB,LBN
96,Lesotho,Maseru,LSL,Loti,266,LS,LSO
97,Liberia,Monrovia,LRD,Dollar,231,LR,LBR
98,Libya,Tripoli,LYD,Dinar,218,LY,LBY
99,Liechtenstein,Vaduz,CHF,Franc,423,LI,LIE
100,Lithuania,Vilnius,LTL,Litas,370,LT,LTU
101,Luxembourg,Luxembourg,EUR,Euro,352,LU,LUX
102,Macedonia,Skopje,MKD,Denar,389,MK,MKD
103,Madagascar,Antananarivo,MGA,Ariary,261,MG,MDG
104,Malawi,Lilongwe,MWK,Kwacha,265,MW,MWI
105,Malaysia,Kuala Lumpur (legislative/judical) and Putrajaya (administrative),MYR,Ringgit,60,MY,MYS
106,Maldives,Male,MVR,Rufiyaa,960,MV,MDV
107,Mali,Bamako,XOF,Franc,223,ML,MLI
108,Malta,Valletta,MTL,Lira,356,MT,MLT
109,Marshall Islands,Majuro,USD,Dollar,692,MH,MHL
110,Mauritania,Nouakchott,MRO,Ouguiya,222,MR,MRT
111,Mauritius,Port Louis,MUR,Rupee,230,MU,MUS
112,Mexico,Mexico,MXN,Peso,52,MX,MEX
113,Micronesia,Palikir,USD,Dollar,691,FM,FSM
114,Moldova,Chisinau,MDL,Leu,373,MD,MDA
115,Monaco,Monaco,EUR,Euro,377,MC,MCO
116,Mongolia,Ulaanbaatar,MNT,Tugrik,976,MN,MNG
117,Montenegro,Podgorica,EUR,Euro,382,ME,MNE
118,Morocco,Rabat,MAD,Dirham,212,MA,MAR
119,Mozambique,Maputo,MZM,Meticail,258,MZ,MOZ
120,Myanmar (Burma),Naypyidaw,MMK,Kyat,95,MM,MMR
121,Namibia,Windhoek,NAD,Dollar,264,NA,NAM
122,Nauru,Yaren,AUD,Dollar,674,NR,NRU
123,Nepal,Kathmandu,NPR,Rupee,977,NP,NPL
124,Netherlands,Amsterdam (administrative) and The Hague (legislative/judical),EUR,Euro,31,NL,NLD
125,New Zealand,Wellington,NZD,Dollar,64,NZ,NZL
126,Nicaragua,Managua,NIO,Cordoba,505,NI,NIC
127,Niger,Niamey,XOF,Franc,227,NE,NER
128,Nigeria,Abuja,NGN,Naira,234,NG,NGA
129,Norway,Oslo,NOK,Krone,47,NO,NOR
130,Oman,Muscat,OMR,Rial,968,OM,OMN
131,Pakistan,Islamabad,PKR,Rupee,92,PK,PAK
132,Palau,Melekeok,USD,Dollar,680,PW,PLW
133,Panama,Panama,PAB,Balboa,507,PA,PAN
134,Papua New Guinea,Port Moresby,PGK,Kina,675,PG,PNG
135,Paraguay,Asuncion,PYG,Guarani,595,PY,PRY
136,Peru,Lima,PEN,Sol,51,PE,PER
137,Philippines,Manila,PHP,Peso,63,PH,PHL
138,Poland,Warsaw,PLN,Zloty,48,PL,POL
139,Portugal,Lisbon,EUR,Euro,351,PT,PRT
140,Qatar,Doha,QAR,Rial,974,QA,QAT
141,Romania,Bucharest,RON,Leu,40,RO,ROU
142,Russia,Moscow,RUB,Ruble,7,RU,RUS
143,Rwanda,Kigali,RWF,Franc,250,RW,RWA
144,Saint Kitts and Nevis,Basseterre,XCD,Dollar,-868,KN,KNA
145,Saint Lucia,Castries,XCD,Dollar,-757,LC,LCA
146,Saint Vincent and the Grenadines,Kingstown,XCD,Dollar,-783,VC,VCT
147,Samoa,Apia,WST,Tala,685,WS,WSM
148,San Marino,San Marino,EUR,Euro,378,SM,SMR
149,Sao Tome and Principe,Sao Tome,STD,Dobra,239,ST,STP
150,Saudi Arabia,Riyadh,SAR,Rial,966,SA,SAU
151,Senegal,Dakar,XOF,Franc,221,SN,SEN
152,Serbia,Belgrade,RSD,Dinar,381,RS,SRB
153,Seychelles,Victoria,SCR,Rupee,248,SC,SYC
154,Sierra Leone,Freetown,SLL,Leone,232,SL,SLE
155,Singapore,Singapore,SGD,Dollar,65,SG,SGP
156,Slovakia,Bratislava,SKK,Koruna,421,SK,SVK
157,Slovenia,Ljubljana,EUR,Euro,386,SI,SVN
158,Solomon Islands,Honiara,SBD,Dollar,677,SB,SLB
159,Somalia,Mogadishu,SOS,Shilling,252,SO,SOM
160,South Africa,"Pretoria (administrative), Cape Town (legislative), and Bloemfontein (judical)",ZAR,Rand,27,ZA,ZAF
161,Spain,Madrid,EUR,Euro,34,ES,ESP
162,Sri Lanka,Colombo (administrative/judical) and Sri Jayewardenepura Kotte (legislative),LKR,Rupee,94,LK,LKA
163,Sudan,Khartoum,SDD,Dinar,249,SD,SDN
164,Suriname,Paramaribo,SRD,Dollar,597,SR,SUR
165,Swaziland,Mbabane (administrative) and Lobamba (legislative),SZL,Lilangeni,268,SZ,SWZ
166,Sweden,Stockholm,SEK,Kronoa,46,SE,SWE
167,Switzerland,Bern,CHF,Franc,41,CH,CHE
168,Syria,Damascus,SYP,Pound,963,SY,SYR
169,Tajikistan,Dushanbe,TJS,Somoni,992,TJ,TJK
170,Tanzania,Dar es Salaam (administrative/judical) and Dodoma (legislative),TZS,Shilling,255,TZ,TZA
171,Thailand,Bangkok,THB,Baht,66,TH,THA
172,Timor-Leste (East Timor),Dili,USD,Dollar,670,TL,TLS
173,Togo,Lome,XOF,Franc,228,TG,TGO
174,Tonga,Nuku'alofa,TOP,Pa'anga,676,TO,TON
175,Trinidad and Tobago,Port-of-Spain,TTD,Dollar,-867,TT,TTO
176,Tunisia,Tunis,TND,Dinar,216,TN,TUN
177,Turkey,Ankara,TRY,Lira,90,TR,TUR
178,Turkmenistan,Ashgabat,TMM,Manat,993,TM,TKM
179,Tuvalu,Funafuti,AUD,Dollar,688,TV,TUV
180,Uganda,Kampala,UGX,Shilling,256,UG,UGA
181,Ukraine,Kiev,UAH,Hryvnia,380,UA,UKR
182,United Arab Emirates,Abu Dhabi,AED,Dirham,971,AE,ARE
183,United Kingdom,London,GBP,Pound,44,GB,GBR
184,United States,Washington,USD,Dollar,1,US,USA
185,Uruguay,Montevideo,UYU,Peso,598,UY,URY
186,Uzbekistan,Tashkent,UZS,Som,998,UZ,UZB
187,Vanuatu,Port-Vila,VUV,Vatu,678,VU,VUT
188,Vatican City,Vatican City,EUR,Euro,379,VA,VAT
189,Venezuela,Caracas,VEB,Bolivar,58,VE,VEN
190,Vietnam,Hanoi,VND,Dong,84,VN,VNM
191,Yemen,Sanaa,YER,Rial,967,YE,YEM
192,Zambia,Lusaka,ZMK,Kwacha,260,ZM,ZMB
193,Zimbabwe,Harare,ZWD,Dollar,263,ZW,ZWE
194,Abkhazia,Sokhumi,RUB,Ruble,995,GE,GEO
195,"China, Republic of (Taiwan)",Taipei,TWD,Dollar,886,TW,TWN
196,Nagorno-Karabakh,Stepanakert,AMD,Dram,277,AZ,AZE
197,Northern Cyprus,Nicosia,TRY,Lira,-302,CY,CYP
198,Pridnestrovie (Transnistria),Tiraspol,,Ruple,-160,MD,MDA
199,Somaliland,Hargeisa,,Shilling,252,SO,SOM
200,South Ossetia,Tskhinvali,RUB and GEL,Ruble and Lari,995,GE,GEO
201,Ashmore and Cartier Islands,,,,,AU,AUS
202,Christmas Island,The Settlement (Flying Fish Cove),AUD,Dollar,61,CX,CXR
203,Cocos (Keeling) Islands,West Island,AUD,Dollar,61,CC,CCK
204,Coral Sea Islands,,,,,AU,AUS
205,Heard Island and McDonald Islands,,,,,HM,HMD
206,Norfolk Island,Kingston,AUD,Dollar,672,NF,NFK
207,New Caledonia,Noumea,XPF,Franc,687,NC,NCL
208,French Polynesia,Papeete,XPF,Franc,689,PF,PYF
209,Mayotte,Mamoudzou,EUR,Euro,262,YT,MYT
210,Saint Barthelemy,Gustavia,EUR,Euro,590,GP,GLP
211,Saint Martin,Marigot,EUR,Euro,590,GP,GLP
212,Saint Pierre and Miquelon,Saint-Pierre,EUR,Euro,508,PM,SPM
213,Wallis and Futuna,Mata'utu,XPF,Franc,681,WF,WLF
214,French Southern and Antarctic Lands,Martin-de-Viviès,,,,TF,ATF
215,Clipperton Island,,,,,PF,PYF
216,Bouvet Island,,,,,BV,BVT
217,Cook Islands,Avarua,NZD,Dollar,682,CK,COK
218,Niue,Alofi,NZD,Dollar,683,NU,NIU
219,Tokelau,,NZD,Dollar,690,TK,TKL
220,Guernsey,Saint Peter Port,GGP,Pound,44,GG,GGY
221,Isle of Man,Douglas,IMP,Pound,44,IM,IMN
222,Jersey,Saint Helier,JEP,Pound,44,JE,JEY
223,Anguilla,The Valley,XCD,Dollar,-263,AI,AIA
224,Bermuda,Hamilton,BMD,Dollar,-440,BM,BMU
225,British Indian Ocean Territory,,,,246,IO,IOT
226,British Sovereign Base Areas,Episkopi,CYP,Pound,357,,
227,British Virgin Islands,Road Town,USD,Dollar,-283,VG,VGB
228,Cayman Islands,George Town,KYD,Dollar,-344,KY,CYM
229,Falkland Islands (Islas Malvinas),Stanley,FKP,Pound,500,FK,FLK
230,Gibraltar,Gibraltar,GIP,Pound,350,GI,GIB
231,Montserrat,Plymouth,XCD,Dollar,-663,MS,MSR
232,Pitcairn Islands,Adamstown,NZD,Dollar,,PN,PCN
233,Saint Helena,Jamestown,SHP,Pound,290,SH,SHN
234,South Georgia & South Sandwich Islands,,,,,GS,SGS
235,Turks and Caicos Islands,Grand Turk,USD,Dollar,-648,TC,TCA
236,Northern Mariana Islands,Saipan,USD,Dollar,-669,MP,MNP
237,Puerto Rico,San Juan,USD,Dollar,+1-787 and 1-939,PR,PRI
238,American Samoa,Pago Pago,USD,Dollar,-683,AS,ASM
239,Baker Island,,,,,UM,UMI
240,Guam,Hagatna,USD,Dollar,-670,GU,GUM
241,Howland Island,,,,,UM,UMI
242,Jarvis Island,,,,,UM,UMI
243,Johnston Atoll,,,,,UM,UMI
244,Kingman Reef,,,,,UM,UMI
245,Midway Islands,,,,,UM,UMI
246,Navassa Island,,,,,UM,UMI
247,Palmyra Atoll,,,,,UM,UMI
248,U.S. Virgin Islands,Charlotte Amalie,USD,Dollar,-339,VI,VIR
249,Wake Island,,,,,UM,UMI
250,Hong Kong,,HKD,Dollar,852,HK,HKG
251,Macau,Macau,MOP,Pataca,853,MO,MAC
252,Faroe Islands,Torshavn,DKK,Krone,298,FO,FRO
253,Greenland,Nuuk (Godthab),DKK,Krone,299,GL,GRL
254,French Guiana,Cayenne,EUR,Euro,594,GF,GUF
255,Guadeloupe,Basse-Terre,EUR,Euro,590,GP,GLP
256,Martinique,Fort-de-France,EUR,Euro,596,MQ,MTQ
257,Reunion,Saint-Denis,EUR,Euro,262,RE,REU
258,Aland,Mariehamn,EUR,Euro,340,AX,ALA
259,Aruba,Oranjestad,AWG,Guilder,297,AW,ABW
260,Netherlands Antilles,Willemstad,ANG,Guilder,599,AN,ANT
261,Svalbard,Longyearbyen,NOK,Krone,47,SJ,SJM
262,Ascension,Georgetown,SHP,Pound,247,AC,ASC
263,Tristan da Cunha,Edinburgh,SHP,Pound,290,TA,TAA
268,Australian Antarctic Territory,,,,,AQ,ATA
269,Ross Dependency,,,,,AQ,ATA
270,Peter I Island,,,,,AQ,ATA
271,Queen Maud Land,,,,,AQ,ATA
272,British Antarctic Territory,,,,,AQ,ATA
